Eula,Lawrence,eula,iloveamber,eula.jpg,21-10-2022,07:24:07
Yugi,Judai,yugi,duellist,7866701330_d2a0f56822_c.jpg,21-10-2022,07:24:07
Raiden,Shogun,raiden,eternity,Raiden.jpg,20-10-2022,21:13:15
Ayaka,Kamisato,ayaka,ilovetabibito,Genshin-Impact-Character-Ayaka-1-768x803.jpg,21-10-2022,21:13:15
Klee,Chan,klee,klee,MyLogo20200513204925.png,21-10-2022,15:55:10
Amuro,Ray,amuro,ray,1812994-amuro_dwg2.jpg,21-10-2022,14:22:50
Jonouchi,Katsuya,jonouchi,redeyes,1416634672-newmemeins-o.jpg,21-10-2022,00:03:55
Anya,Forger,anya,anya,2022-10-21_1666341066535.png,21-10-2022,15:54:24
Emiya,Shirou,emiya,emiya,MyLogo20200513204925.png,21-10-2022,15:49:06
Naruto,Uzumaki,naruto,ramen123,8222101b4607a3d73e86d62e00ce55e7.jpg,20-10-2022,19:45:38
a,a,a,a,default1.png,21-10-2022,15:55:28