test1,test1,1,Person,14/03/2022 12:03:41,null
test2,test2,1,Building,14/04/2022 12:04:56,null
test3,test3,1,Traffic/Transport,14/09/2022 12:47:08,null
test4,test4,1,Learning/Lesson,14/09/2022 13:21:24,null
test5,test5,1,Building,14/09/2022 13:22:27,null
test6,test6,1,Facilities,14/09/2022 13:35:48,null
test7,test7,1,Learning/Lesson,14/09/2022 13:39:46,null
test8,test8,1,Person,14/09/2022 13:41:46,euroza11
test9,test9,1,Facilities,14/09/2022 13:42:26,tananya
test10,test10,1,Traffic/Transport,14/09/2022 13:46:22,yugiza11
test11,test11,1,Building,24/09/2022 12:51:26,euroza11
test12,test12,1,Learning/Lesson,02/10/2022 09:47:26,yugiza11
Vision hunt,All vision users must send their vision to me because it's against the eternity.,1,Person,02/10/2022 09:56:27,Raidenshogun
Missing people.,My brother is missing. Please tell me when you found him.,1,Person,02/10/2022 11:28:02,xiao
tess,tess,1,Building,02/10/2022 13:34:16,tananya
test13,test13,1,Person,11/10/2022 15:02:44,eula
