Beam,Carry,beam7894123,6059,beam.jpg,21-10-2022,13:39:08,Learning
Maow,Maowing,maow,maow,D40MN-dXsAAferE.png,22-11-2022,00:13:18,Learning
Niko,OnACar,niko,oneshot,cw05skki9fp71.png,21-10-2022,13:39:08,Learning
Joy,Muen,joy@muen,password6348,joy.jpg,21-10-2022,13:13:19,Facilities
Joy,mama,ay,ay,1416634672-newmemeins-o.jpg,21-10-2022,13:13:19,Facilities
Ligma,WhoTehHellIsligma,ligma,ligmaball,2022-10-02_1664683065131.png,21-10-2022,13:13:19,Facilities
Boss,Sleepy,khimexe,staff123,boss.jpg,21-10-2022,13:12:45,Traffic
staff,man,staff1,staff123,2022-10-02_1664682638046.png,21-10-2022,13:12:45,Traffic
pepsi,man,pepsiman,watchout,Pepsiman_(PS1)_cover_art.jpg,21-10-2022,13:12:45,Traffic
Euro,Support,leokung,6690,euro.jpg,21-10-2022,08:28:57,Person
Neco,Arc,neco,ilovepilk,1bd.jpg,21-10-2022,08:28:57,Person
PipeBoom,InMailbox,ka,boom,932.png,21-10-2022,08:28:57,Person
Esix,621,e,621,71bfd27aac9a8ac011931c9caada49a1.jpg,21-10-2022,13:13:32,Building
Kerfus,Thebellabot,kerfus,101,34689da707194f2d7acbc0112a95a6bf.jpg,21-10-2022,13:13:32,Building
Tester1,Tester,112233,112233,default1.png,21-10-2022,13:13:32,Building