Eula,Lawrence,eula,iloveamber,MyLogo20200513204925.png,18-11-2022,16:39:09
Yugi,Judai,yugi,duellist,MyLogo20200513204925.png,21-10-2022,07:24:07
Raiden,Shogun,raiden,eternity,Assassin’s Creed Valhalla-220713-223019.jpg,16-11-2022,17:21:04
Ayaka,Kamisato,ayaka,ilovetabibito,MyLogo20200513204925.png,21-10-2022,21:13:15
Klee,Chan,klee,klee,MyLogo20200513204925.png,16-11-2022,17:21:24
Amuro,Ray,amuro,ray,MyLogo20200513204925.png,21-10-2022,14:22:50
Jonouchi,Katsuya,jonouchi,redeyes,1650790800765.jpg,21-10-2022,00:03:55
Anya,Forger,anya,anya,MyLogo20200513204925.png,16-11-2022,17:22:05
Emiya,Shirou,emiya,emiya,2022-09-03_1662186016226.png,16-11-2022,18:19:26
Naruto,Uzumaki,naruto,ramen123,MyLogo20200513204925.png,16-11-2022,16:49:44
s,s,s,s,default1.png,18-11-2022,16:09:48
ad,ad,a,a,2022-10-21_1666341066535.png,16-11-2022,14:05:30
a,a,aa,a,default1.png,18-11-2022,17:07:17
jojo,jojo,jojo,jojo,default1.png,16-11-2022,13:46:58
jeje,je,jeje,123,default1.png,16-11-2022,15:04:39
ll,ll,ll,ll,default1.png,18-11-2022,16:06:09
ee,ee,ppppp,a,default1.png,18-11-2022,16:06:54
q,qq,joy,12,default1.png,18-11-2022,16:07:06
a,a,as,12,default1.png,18-11-2022,16:07:32
d,d,kok,12,default1.png,18-11-2022,16:07:45
q,q,q,q,default1.png,18-11-2022,16:07:52
da,ad,opopopo,12,default1.png,18-11-2022,16:08:06
e,e,e,e,Q&A-chatbot6.png,18-11-2022,16:08:13
alice,alice,alice,123,1.png,18-11-2022,16:08:23
momo,momo,momo,5555,4.png,18-11-2022,16:08:42
pepo,pepe,pepo,666,125824.jpg,18-11-2022,16:09:07
ee,ee,ee,ee,วิธีการอัพ git.JPG,18-11-2022,16:09:15
qq,qq,qqq,qqq,ต้นซานาดู.png,18-11-2022,16:09:23
gg,g,gg,gg,Q&A-chatbot1.png,18-11-2022,16:09:31
pp,pp,pp,ppp,richmenu3.jpg,18-11-2022,16:09:39
test1,test1,test1,11,default1.png,18-11-2022,16:42:04
test2,test2,test2,test,ถั่วลัดเตาผัดกุ้ง_6210451217 (1).png,18-11-2022,16:31:05
test3,test3,test3,123,อีก user.JPG,null,null
tt,tt,tt,tt,124978.jpg,18-11-2022,16:29:27
rr,rr,rr,rr,default1.png,18-11-2022,16:29:36
rr,rr,rrrr,rrr,121831.jpg,18-11-2022,16:29:46